EL ENCANTO,CO-AMA,91263,91
LA CHORRERA,CO-AMA,91405,91
LA PEDRERA,CO-AMA,91407,91
LA VICTORIA,CO-AMA,91430,91
LETICIA,CO-AMA,91001,91
MIRITI – PARANÁ,CO-AMA,91460,91
PUERTO ALEGRIA,CO-AMA,91530,91
PUERTO ARICA,CO-AMA,91536,91
PUERTO NARIÑO,CO-AMA,91540,91
PUERTO SANTANDER,CO-AMA,91669,91
TARAPACÁ,CO-AMA,91798,91
ABEJORRAL,CO-ANT,05002,5
ABRIAQUI,CO-ANT,05004,5
ALEJANDRIA,CO-ANT,05021,5
AMAGA,CO-ANT,05030,5
AMALFI,CO-ANT,05031,5
ANDES,CO-ANT,05034,5
ANGELOPOLIS,CO-ANT,05036,5
ANGOSTURA,CO-ANT,05038,5
ANORI,CO-ANT,05040,5
ANZA,CO-ANT,05044,5
APARTADO,CO-ANT,05045,5
ARBOLETES,CO-ANT,05051,5
ARGELIA,CO-ANT,05055,5
ARMENIA,CO-ANT,05059,5
BARBOSA,CO-ANT,05079,5
BELLO,CO-ANT,05088,5
BELMIRA,CO-ANT,05086,5
BETANIA,CO-ANT,05091,5
BETULIA,CO-ANT,05093,5
BRICENO,CO-ANT,05107,5
BURITICA,CO-ANT,05113,5
CACERES,CO-ANT,05120,5
CAICEDO,CO-ANT,05125,5
CALDAS,CO-ANT,05129,5
CAMPAMENTO,CO-ANT,05134,5
CANASGORDAS,CO-ANT,05138,5
CARACOLI,CO-ANT,05142,5
CARAMANTA,CO-ANT,05145,5
CAREPA,CO-ANT,05147,5
CAROLINA,CO-ANT,05150,5
CAUCASIA,CO-ANT,05154,5
CHIGORODO,CO-ANT,05172,5
CISNEROS,CO-ANT,05190,5
CIUDAD BOLIVAR,CO-ANT,05101,5
COCORNA,CO-ANT,05197,5
CONCEPCION,CO-ANT,05206,5
CONCORDIA,CO-ANT,05209,5
COPACABANA,CO-ANT,05212,5
DABEIBA,CO-ANT,05234,5
DONMATIAS,CO-ANT,05237,5
EBEJICO,CO-ANT,05240,5
EL BAGRE,CO-ANT,05250,5
EL CARMEN DE VIBORAL,CO-ANT,05148,5
EL SANTUARIO,CO-ANT,05697,5
ENTRERRIOS,CO-ANT,05264,5
ENVIGADO,CO-ANT,05266,5
FREDONIA,CO-ANT,05282,5
FRONTINO,CO-ANT,05284,5
GIRALDO,CO-ANT,05306,5
GIRARDOTA,CO-ANT,05308,5
GOMEZ PLATA,CO-ANT,05310,5
GRANADA,CO-ANT,05313,5
GUADALUPE,CO-ANT,05315,5
GUARNE,CO-ANT,05318,5
GUATAPE,CO-ANT,05321,5
HELICONIA,CO-ANT,05347,5
HISPANIA,CO-ANT,05353,5
ITAGUI,CO-ANT,05360,5
ITUANGO,CO-ANT,05361,5
JARDIN,CO-ANT,05364,5
JERICO,CO-ANT,05368,5
LA CEJA,CO-ANT,05376,5
LA ESTRELLA,CO-ANT,05380,5
LA PINTADA,CO-ANT,05390,5
LA UNION,CO-ANT,05400,5
LIBORINA,CO-ANT,05411,5
MACEO,CO-ANT,05425,5
MARINILLA,CO-ANT,05440,5
MEDELLIN,CO-ANT,05001,5
MONTEBELLO,CO-ANT,05467,5
MURINDO,CO-ANT,05475,5
MUTATA,CO-ANT,05480,5
NARINO,CO-ANT,05483,5
NECHI,CO-ANT,05495,5
NECOCLI,CO-ANT,05490,5
OLAYA,CO-ANT,05501,5
PENOL,CO-ANT,05541,5
PEQUE,CO-ANT,05543,5
PUEBLORRICO,CO-ANT,05576,5
PUERTO BERRIO,CO-ANT,05579,5
PUERTO NARE,CO-ANT,05585,5
PUERTO TRIUNFO,CO-ANT,05591,5
REMEDIOS,CO-ANT,05604,5
RETIRO,CO-ANT,05607,5
RIONEGRO,CO-ANT,05615,5
SABANALARGA,CO-ANT,05628,5
SABANETA,CO-ANT,05631,5
SALGAR,CO-ANT,05642,5
SAN ANDRES DE CUERQUIA,CO-ANT,05647,5
SAN CARLOS,CO-ANT,05649,5
SAN FRANCISCO,CO-ANT,05652,5
SAN JERONIMO,CO-ANT,05656,5
SAN JOSE DE LA MONTANA,CO-ANT,05658,5
SAN JUAN DE URABA,CO-ANT,05659,5
SAN LUIS,CO-ANT,05660,5
SAN PEDRO DE LOS MILAGROS,CO-ANT,05664,5
SAN PEDRO DE URABA,CO-ANT,05665,5
SAN RAFAEL,CO-ANT,05667,5
SAN ROQUE,CO-ANT,05670,5
SAN VICENTE FERRER,CO-ANT,05674,5
SANTA BARBARA,CO-ANT,05679,5
SANTA FE DE ANTIOQUIA,CO-ANT,05042,5
SANTA ROSA DE OSOS,CO-ANT,05686,5
SANTO DOMINGO,CO-ANT,05690,5
SEGOVIA,CO-ANT,05736,5
SONSON,CO-ANT,05756,5
SOPETRAN,CO-ANT,05761,5
TAMESIS,CO-ANT,05789,5
TARAZA,CO-ANT,05790,5
TARSO,CO-ANT,05792,5
TITIRIBI,CO-ANT,05809,5
TOLEDO,CO-ANT,05819,5
TURBO,CO-ANT,05837,5
URAMITA,CO-ANT,05842,5
URRAO,CO-ANT,05847,5
VALDIVIA,CO-ANT,05854,5
VALPARAISO,CO-ANT,05856,5
VEGACHI,CO-ANT,05858,5
VENECIA,CO-ANT,05861,5
VIGIA DEL FUERTE,CO-ANT,05873,5
YALI,CO-ANT,05885,5
YARUMAL,CO-ANT,05887,5
YOLOMBO,CO-ANT,05890,5
YONDO,CO-ANT,05893,5
ZARAGOZA,CO-ANT,05895,5
CRAVO NORTE,CO-ARA,81220,81
ARAUCA,CO-ARA,81001,81
ARAUQUITA,CO-ARA,81065,81
FORTUL,CO-ARA,81300,81
PUERTO RONDON,CO-ARA,81591,81
SARAVENA,CO-ARA,81736,81
TAME,CO-ARA,81794,81
SABANALARGA,CO-ATL,08638,8
BARANOA,CO-ATL,08078,8
BARRANQUILLA,CO-ATL,08001,8
CAMPO DE LA CRUZ,CO-ATL,08137,8
CANDELARIA,CO-ATL,08141,8
GALAPA,CO-ATL,08296,8
JUAN DE ACOSTA,CO-ATL,08372,8
LURUACO,CO-ATL,08421,8
MALAMBO,CO-ATL,08433,8
MANATI,CO-ATL,08436,8
PALMAR DE VARELA,CO-ATL,08520,8
POLONUEVO,CO-ATL,08558,8
PONEDERA,CO-ATL,08560,8
PUERTO COLOMBIA,CO-ATL,08573,8
REPELON,CO-ATL,08606,8
SABANAGRANDE,CO-ATL,08634,8
SANTA LUCIA,CO-ATL,08675,8
SANTO TOMAS,CO-ATL,08685,8
SOLEDAD,CO-ATL,08758,8
SUAN,CO-ATL,08770,8
TUBARA,CO-ATL,08832,8
PIOJO,CO-ATL,08549,8
USIACURI,CO-ATL,08849,8
SAN CRISTOBAL,CO-BOL,13620,13
ARENAL,CO-BOL,13042,13
ARJONA,CO-BOL,13052,13
CALAMAR,CO-BOL,13140,13
CARTAGENA DE INDIAS,CO-BOL,13001,13
CLEMENCIA,CO-BOL,13222,13
EL CARMEN DE BOLIVAR,CO-BOL,13244,13
MAGANGUE,CO-BOL,13430,13
MAHATES,CO-BOL,13433,13
MARIA LA BAJA,CO-BOL,13442,13
SAN JACINTO,CO-BOL,13654,13
SAN JUAN NEPOMUCENO,CO-BOL,13657,13
SANTA CATALINA,CO-BOL,13673,13
SOPLAVIENTO,CO-BOL,13760,13
TALAIGUA NUEVO,CO-BOL,13780,13
TURBACO,CO-BOL,13836,13
TURBANA,CO-BOL,13838,13
VILLANUEVA,CO-BOL,13873,13
ZAMBRANO,CO-BOL,13894,13
MORALES,CO-BOL,13473,13
CORDOBA,CO-BOL,13212,13
SAN PABLO,CO-BOL,13670,13
ACHI,CO-BOL,13006,13
ALTOS DEL ROSARIO,CO-BOL,13030,13
ARROYOHONDO,CO-BOL,13062,13
BARRANCO DE LOBA,CO-BOL,13074,13
CANTAGALLO,CO-BOL,13160,13
CICUCO,CO-BOL,13188,13
EL GUAMO,CO-BOL,13248,13
EL PENON,CO-BOL,13268,13
HATILLO DE LOBA,CO-BOL,13300,13
MARGARITA,CO-BOL,13440,13
MOMPOS,CO-BOL,13468,13
MONTECRISTO,CO-BOL,13458,13
NOROSI,CO-BOL,13490,13
PINILLOS,CO-BOL,13549,13
REGIDOR,CO-BOL,13580,13
RIO VIEJO,CO-BOL,13600,13
SAN ESTANISLAO,CO-BOL,13647,13
SAN FERNANDO,CO-BOL,13650,13
SAN JACINTO DEL CAUCA,CO-BOL,13655,13
SAN MARTIN DE LOBA,CO-BOL,13667,13
SANTA ROSA,CO-BOL,13683,13
SANTA ROSA DEL SUR,CO-BOL,13688,13
SIMITI,CO-BOL,13744,13
TIQUISIO,CO-BOL,13810,13
CALDAS,CO-BOY,15131,15
JERICO,CO-BOY,15368,15
COVARACHIA,CO-BOY,15218,15
GUACAMAYAS,CO-BOY,15317,15
AQUITANIA,CO-BOY,15047,15
ARCABUCO,CO-BOY,15051,15
BELEN,CO-BOY,15087,15
BOAVITA,CO-BOY,15097,15
CERINZA,CO-BOY,15162,15
CHINAVITA,CO-BOY,15172,15
CHIQUINQUIRA,CO-BOY,15176,15
CHISCAS,CO-BOY,15180,15
CHITA,CO-BOY,15183,15
CHITARAQUE,CO-BOY,15185,15
CIENEGA,CO-BOY,15189,15
COMBITA,CO-BOY,15204,15
CUBARA,CO-BOY,15223,15
CUCAITA,CO-BOY,15224,15
DUITAMA,CO-BOY,15238,15
EL COCUY,CO-BOY,15244,15
EL ESPINO,CO-BOY,15248,15
FLORESTA,CO-BOY,15276,15
GACHANTIVA,CO-BOY,15293,15
GAMEZA,CO-BOY,15296,15
GARAGOA,CO-BOY,15299,15
GUATEQUE,CO-BOY,15322,15
GUAYATA,CO-BOY,15325,15
JENESANO,CO-BOY,15367,15
LA CAPILLA,CO-BOY,15380,15
LA UVITA,CO-BOY,15403,15
MACANAL,CO-BOY,15425,15
MIRAFLORES,CO-BOY,15455,15
MONGUA,CO-BOY,15464,15
MONGUI,CO-BOY,15466,15
MONIQUIRA,CO-BOY,15469,15
MUZO,CO-BOY,15480,15
NOBSA,CO-BOY,15491,15
NUEVO COLON,CO-BOY,15494,15
OTANCHE,CO-BOY,15507,15
PAEZ,CO-BOY,15514,15
PAIPA,CO-BOY,15516,15
PAJARITO,CO-BOY,15518,15
PAUNA,CO-BOY,15531,15
PAZ DE RIO,CO-BOY,15537,15
PESCA,CO-BOY,15542,15
PUERTO BOYACA,CO-BOY,15572,15
QUIPAMA,CO-BOY,15580,15
RAMIRIQUI,CO-BOY,15599,15
RAQUIRA,CO-BOY,15600,15
SABOYA,CO-BOY,15632,15
SACHICA,CO-BOY,15638,15
SAMACA,CO-BOY,15646,15
SAN JOSE DE PARE,CO-BOY,15664,15
SAN LUIS DE GACENO,CO-BOY,15667,15
SAN MATEO,CO-BOY,15673,15
SANTA ROSA DE VITERBO,CO-BOY,15693,15
SANTA SOFIA,CO-BOY,15696,15
SANTANA,CO-BOY,15686,15
SATIVANORTE,CO-BOY,15720,15
SOATA,CO-BOY,15753,15
SOCHA,CO-BOY,15757,15
SOGAMOSO,CO-BOY,15759,15
SOMONDOCO,CO-BOY,15761,15
SOTAQUIRA,CO-BOY,15763,15
SUSACON,CO-BOY,15774,15
SUTAMARCHAN,CO-BOY,15776,15
SUTATENZA,CO-BOY,15778,15
TASCO,CO-BOY,15790,15
TENZA,CO-BOY,15798,15
TIBANA,CO-BOY,15804,15
TIBASOSA,CO-BOY,15806,15
TINJACA,CO-BOY,15808,15
TIPACOQUE,CO-BOY,15810,15
TOCA,CO-BOY,15814,15
TUNJA,CO-BOY,15001,15
TURMEQUE,CO-BOY,15835,15
TUTA,CO-BOY,15837,15
UMBITA,CO-BOY,15842,15
VENTAQUEMADA,CO-BOY,15861,15
VILLA DE LEYVA,CO-BOY,15407,15
ZETAQUIRA,CO-BOY,15897,15
BUENAVISTA,CO-BOY,15109,15
SANTA MARIA,CO-BOY,15690,15
LA VICTORIA,CO-BOY,15401,15
ALMEIDA,CO-BOY,15022,15
BERBEO,CO-BOY,15090,15
BETEITIVA,CO-BOY,15092,15
BOYACA,CO-BOY,15104,15
BRICENO,CO-BOY,15106,15
BUSBANZA,CO-BOY,15114,15
CAMPOHERMOSO,CO-BOY,15135,15
CHIQUIZA,CO-BOY,15232,15
CHIVATA,CO-BOY,15187,15
CHIVOR,CO-BOY,15236,15
COPER,CO-BOY,15212,15
CORRALES,CO-BOY,15215,15
CUITIVA,CO-BOY,15226,15
FIRAVITOBA,CO-BOY,15272,15
GUICAN,CO-BOY,15332,15
IZA,CO-BOY,15362,15
LABRANZAGRANDE,CO-BOY,15377,15
MARIPI,CO-BOY,15442,15
MOTAVITA,CO-BOY,15476,15
OICATA,CO-BOY,15500,15
PACHAVITA,CO-BOY,15511,15
PANQUEBA,CO-BOY,15522,15
PAYA,CO-BOY,15533,15
PISBA,CO-BOY,15550,15
RONDON,CO-BOY,15621,15
SAN EDUARDO,CO-BOY,15660,15
SAN MIGUEL DE SEMA,CO-BOY,15676,15
SAN PABLO DE BORBUR,CO-BOY,15681,15
SATIVASUR,CO-BOY,15723,15
SIACHOQUE,CO-BOY,15740,15
SOCOTA,CO-BOY,15755,15
SORA,CO-BOY,15762,15
SORACA,CO-BOY,15764,15
TOGUI,CO-BOY,15816,15
TOPAGA,CO-BOY,15820,15
TOTA,CO-BOY,15822,15
TUNUNGUA,CO-BOY,15832,15
TUTAZA,CO-BOY,15839,15
VIRACACHA,CO-BOY,15879,15
AGUADAS,CO-CAL,17013,17
ANSERMA,CO-CAL,17042,17
ARANZAZU,CO-CAL,17050,17
BELALCAZAR,CO-CAL,17088,17
CHINCHINA,CO-CAL,17174,17
FILADELFIA,CO-CAL,17272,17
LA DORADA,CO-CAL,17380,17
LA MERCED,CO-CAL,17388,17
MANIZALES,CO-CAL,17001,17
MANZANARES,CO-CAL,17433,17
MARMATO,CO-CAL,17442,17
MARQUETALIA,CO-CAL,17444,17
MARULANDA,CO-CAL,17446,17
NEIRA,CO-CAL,17486,17
NORCASIA,CO-CAL,17495,17
PACORA,CO-CAL,17513,17
PALESTINA,CO-CAL,17524,17
PENSILVANIA,CO-CAL,17541,17
RIOSUCIO,CO-CAL,17614,17
RISARALDA,CO-CAL,17616,17
SALAMINA,CO-CAL,17653,17
SAMANA,CO-CAL,17662,17
SUPIA,CO-CAL,17777,17
VICTORIA,CO-CAL,17867,17
VILLAMARIA,CO-CAL,17873,17
VITERBO,CO-CAL,17877,17
SAN JOSE,CO-CAL,17665,17
PUERTO RICO,CO-CAQ,18592,18
VALPARAISO,CO-CAQ,18860,18
SOLANO,CO-CAQ,18756,18
ALBANIA,CO-CAQ,18029,18
BELEN DE LOS ANDAQUIES,CO-CAQ,18094,18
CARTAGENA DEL CHAIRA,CO-CAQ,18150,18
CURILLO,CO-CAQ,18205,18
EL DONCELLO,CO-CAQ,18247,18
EL PAUJIL,CO-CAQ,18256,18
FLORENCIA,CO-CAQ,18001,18
MORELIA,CO-CAQ,18479,18
SAN JOSE DEL FRAGUA,CO-CAQ,18610,18
SAN VICENTE DEL CAGUAN,CO-CAQ,18753,18
SOLITA,CO-CAQ,18785,18
LA MONTANITA,CO-CAQ,18410,18
MILAN,CO-CAQ,18460,18
SABANALARGA,CO-CAS,85300,85
VILLANUEVA,CO-CAS,85440,85
AGUAZUL,CO-CAS,85010,85
HATO COROZAL,CO-CAS,85125,85
MANI,CO-CAS,85139,85
MONTERREY,CO-CAS,85162,85
PAZ DE ARIPORO,CO-CAS,85250,85
PORE,CO-CAS,85263,85
SAN LUIS DE PALENQUE,CO-CAS,85325,85
TAURAMENA,CO-CAS,85410,85
TRINIDAD,CO-CAS,85430,85
YOPAL,CO-CAS,85001,85
CHAMEZA,CO-CAS,85015,85
LA SALINA,CO-CAS,85136,85
NUNCHIA,CO-CAS,85225,85
OROCUE,CO-CAS,85230,85
RECETOR,CO-CAS,85279,85
SACAMA,CO-CAS,85315,85
TAMARA,CO-CAS,85400,85
ARGELIA,CO-CAU,19050,19
LA SIERRA,CO-CAU,19392,19
PAEZ,CO-CAU,19517,19
FLORENCIA,CO-CAU,19290,19
ALMAGUER,CO-CAU,19022,19
BALBOA,CO-CAU,19075,19
BOLIVAR,CO-CAU,19100,19
BUENOS AIRES,CO-CAU,19110,19
CAJIBIO,CO-CAU,19130,19
CALOTO,CO-CAU,19142,19
CORINTO,CO-CAU,19212,19
EL TAMBO,CO-CAU,19256,19
GUAPI,CO-CAU,19318,19
INZA,CO-CAU,19355,19
LA VEGA,CO-CAU,19397,19
MERCADERES,CO-CAU,19450,19
MIRANDA,CO-CAU,19455,19
MORALES,CO-CAU,19473,19
PADILLA,CO-CAU,19513,19
PATIA,CO-CAU,19532,19
PIENDAMO,CO-CAU,19548,19
POPAYAN,CO-CAU,19001,19
PUERTO TEJADA,CO-CAU,19573,19
ROSAS,CO-CAU,19622,19
SANTANDER DE QUILICHAO,CO-CAU,19698,19
SILVIA,CO-CAU,19743,19
SUAREZ,CO-CAU,19780,19
TIMBIO,CO-CAU,19807,19
TORIBIO,CO-CAU,19821,19
TOTORO,CO-CAU,19824,19
VILLA RICA,CO-CAU,19845,19
SAN SEBASTIAN,CO-CAU,19693,19
SUCRE,CO-CAU,19785,19
CALDONO,CO-CAU,19137,19
GUACHENE,CO-CAU,19300,19
JAMBALO,CO-CAU,19364,19
LOPEZ DE MICAY,CO-CAU,19418,19
PIAMONTE,CO-CAU,19533,19
PURACE,CO-CAU,19585,19
SANTA ROSA,CO-CAU,19701,19
SOTARA,CO-CAU,19760,19
TIMBIQUI,CO-CAU,19809,19
SAN DIEGO,CO-CES,20750,20
GONZALEZ,CO-CES,20310,20
PUEBLO BELLO,CO-CES,20570,20
AGUACHICA,CO-CES,20011,20
AGUSTIN CODAZZI,CO-CES,20013,20
ASTREA,CO-CES,20032,20
BECERRIL,CO-CES,20045,20
BOSCONIA,CO-CES,20060,20
CHIMICHAGUA,CO-CES,20175,20
CHIRIGUANA,CO-CES,20178,20
CURUMANI,CO-CES,20228,20
EL COPEY,CO-CES,20238,20
EL PASO,CO-CES,20250,20
GAMARRA,CO-CES,20295,20
LA GLORIA,CO-CES,20383,20
LA JAGUA DE IBIRICO,CO-CES,20400,20
PAILITAS,CO-CES,20517,20
PELAYA,CO-CES,20550,20
RIO DE ORO,CO-CES,20614,20
SAN ALBERTO,CO-CES,20710,20
SAN MARTIN,CO-CES,20770,20
TAMALAMEQUE,CO-CES,20787,20
VALLEDUPAR,CO-CES,20001,20
LA PAZ,CO-CES,20621,20
MANAURE BALCON DEL CESAR,CO-CES,20443,20
RIOSUCIO,CO-CHO,27615,27
NOVITA,CO-CHO,27491,27
SIPI,CO-CHO,27745,27
CERTEGUI,CO-CHO,27160,27
CONDOTO,CO-CHO,27205,27
EL CARMEN DE ATRATO,CO-CHO,27245,27
ISTMINA,CO-CHO,27361,27
LLORO,CO-CHO,27413,27
QUIBDO,CO-CHO,27001,27
SAN JOSE DEL PALMAR,CO-CHO,27660,27
TADO,CO-CHO,27787,27
UNGUIA,CO-CHO,27800,27
ACANDI,CO-CHO,27006,27
ALTO BAUDO,CO-CHO,27025,27
ATRATO,CO-CHO,27050,27
BAGADO,CO-CHO,27073,27
BAHIA SOLANO,CO-CHO,27075,27
BAJO BAUDO,CO-CHO,27077,27
BOJAYA,CO-CHO,27099,27
CARMEN DEL DARIEN,CO-CHO,27150,27
EL CANTON DEL SAN PABLO,CO-CHO,27135,27
EL LITORAL DEL SAN JUAN,CO-CHO,27250,27
JURADO,CO-CHO,27372,27
MEDIO ATRATO,CO-CHO,27425,27
MEDIO BAUDO,CO-CHO,27430,27
MEDIO SAN JUAN,CO-CHO,27450,27
NUQUI,CO-CHO,27495,27
RIO IRO,CO-CHO,27580,27
RIO QUITO,CO-CHO,27600,27
UNION PANAMERICANA,CO-CHO,27810,27
AYAPEL,CO-COR,23068,23
BUENAVISTA,CO-COR,23079,23
CERETE,CO-COR,23162,23
CHIMA,CO-COR,23168,23
CHINU,CO-COR,23182,23
CIENAGA DE ORO,CO-COR,23189,23
COTORRA,CO-COR,23300,23
LA APARTADA,CO-COR,23350,23
LORICA,CO-COR,23417,23
MOMIL,CO-COR,23464,23
MONTELIBANO,CO-COR,23466,23
MONTERIA,CO-COR,23001,23
PLANETA RICA,CO-COR,23555,23
PUEBLO NUEVO,CO-COR,23570,23
PUERTO LIBERTADOR,CO-COR,23580,23
SAHAGUN,CO-COR,23660,23
SAN ANDRES DE SOTAVENTO,CO-COR,23670,23
SAN ANTERO,CO-COR,23672,23
SAN BERNARDO DEL VIENTO,CO-COR,23675,23
SAN CARLOS,CO-COR,23678,23
SAN JOSE DE URE,CO-COR,23682,23
SAN PELAYO,CO-COR,23686,23
TIERRALTA,CO-COR,23807,23
TUCHIN,CO-COR,23815,23
VALENCIA,CO-COR,23855,23
CANALETE,CO-COR,23090,23
LOS CORDOBAS,CO-COR,23419,23
MONITOS,CO-COR,23500,23
PUERTO ESCONDIDO,CO-COR,23574,23
PURISIMA DE LA CONCEPCION,CO-COR,23586,23
GRANADA,CO-CUN,25312,25
VENECIA,CO-CUN,25506,25
SAN CAYETANO,CO-CUN,25653,25
LA VEGA,CO-CUN,25402,25
RICAURTE,CO-CUN,25612,25
UBAQUE,CO-CUN,25841,25
AGUA DE DIOS,CO-CUN,25001,25
ALBAN,CO-CUN,25019,25
ANAPOIMA,CO-CUN,25035,25
ANOLAIMA,CO-CUN,25040,25
APULO,CO-CUN,25599,25
ARBELAEZ,CO-CUN,25053,25
BELTRAN,CO-CUN,25086,25
BOJACA,CO-CUN,25099,25
CABRERA,CO-CUN,25120,25
CACHIPAY,CO-CUN,25123,25
CAJICA,CO-CUN,25126,25
CAPARRAPI,CO-CUN,25148,25
CAQUEZA,CO-CUN,25151,25
CARMEN DE CARUPA,CO-CUN,25154,25
CHIA,CO-CUN,25175,25
CHIPAQUE,CO-CUN,25178,25
CHOACHI,CO-CUN,25181,25
CHOCONTA,CO-CUN,25183,25
COGUA,CO-CUN,25200,25
COTA,CO-CUN,25214,25
EL COLEGIO,CO-CUN,25245,25
EL ROSAL,CO-CUN,25260,25
FACATATIVA,CO-CUN,25269,25
FOMEQUE,CO-CUN,25279,25
FOSCA,CO-CUN,25281,25
FUNZA,CO-CUN,25286,25
FUSAGASUGA,CO-CUN,25290,25
GACHALA,CO-CUN,25293,25
GACHANCIPA,CO-CUN,25295,25
GACHETA,CO-CUN,25297,25
GAMA,CO-CUN,25299,25
GIRARDOT,CO-CUN,25307,25
GUACHETA,CO-CUN,25317,25
GUADUAS,CO-CUN,25320,25
GUASCA,CO-CUN,25322,25
GUATAVITA,CO-CUN,25326,25
GUAYABAL DE SIQUIMA,CO-CUN,25328,25
GUAYABETAL,CO-CUN,25335,25
GUTIERREZ,CO-CUN,25339,25
JERUSALEN,CO-CUN,25368,25
JUNIN,CO-CUN,25372,25
LA CALERA,CO-CUN,25377,25
LA MESA,CO-CUN,25386,25
LA PALMA,CO-CUN,25394,25
LENGUAZAQUE,CO-CUN,25407,25
MACHETA,CO-CUN,25426,25
MADRID,CO-CUN,25430,25
MANTA,CO-CUN,25436,25
MEDINA,CO-CUN,25438,25
MOSQUERA,CO-CUN,25473,25
NEMOCON,CO-CUN,25486,25
NOCAIMA,CO-CUN,25491,25
PACHO,CO-CUN,25513,25
PAIME,CO-CUN,25518,25
PANDI,CO-CUN,25524,25
PARATEBUENO,CO-CUN,25530,25
PASCA,CO-CUN,25535,25
PUERTO SALGAR,CO-CUN,25572,25
QUETAME,CO-CUN,25594,25
QUIPILE,CO-CUN,25596,25
SAN ANTONIO DEL TEQUENDAMA,CO-CUN,25645,25
SAN BERNARDO,CO-CUN,25649,25
SAN FRANCISCO,CO-CUN,25658,25
SASAIMA,CO-CUN,25718,25
SESQUILE,CO-CUN,25736,25
SIBATE,CO-CUN,25740,25
SILVANIA,CO-CUN,25743,25
SIMIJACA,CO-CUN,25745,25
SOACHA,CO-CUN,25754,25
SOPO,CO-CUN,25758,25
SUBACHOQUE,CO-CUN,25769,25
SUESCA,CO-CUN,25772,25
SUPATA,CO-CUN,25777,25
SUSA,CO-CUN,25779,25
TABIO,CO-CUN,25785,25
TAUSA,CO-CUN,25793,25
TENA,CO-CUN,25797,25
TENJO,CO-CUN,25799,25
TOCAIMA,CO-CUN,25815,25
TOCANCIPA,CO-CUN,25817,25
UBALA,CO-CUN,25839,25
UNE,CO-CUN,25845,25
UTICA,CO-CUN,25851,25
VERGARA,CO-CUN,25862,25
VIANI,CO-CUN,25867,25
VILLAPINZON,CO-CUN,25873,25
VILLETA,CO-CUN,25875,25
VIOTA,CO-CUN,25878,25
YACOPI,CO-CUN,25885,25
ZIPAQUIRA,CO-CUN,25899,25
BITUIMA,CO-CUN,25095,25
BOGOTA D.C.,CO-CUN,11001,25
CHAGUANI,CO-CUN,25168,25
CUCUNUBA,CO-CUN,25224,25
EL PENON,CO-CUN,25258,25
FUQUENE,CO-CUN,25288,25
GUATAQUI,CO-CUN,25324,25
LA PENA,CO-CUN,25398,25
NARINO,CO-CUN,25483,25
NILO,CO-CUN,25488,25
NIMAIMA,CO-CUN,25489,25
PULI,CO-CUN,25580,25
QUEBRADANEGRA,CO-CUN,25592,25
SAN JUAN DE RIOSECO,CO-CUN,25662,25
SUTATAUSA,CO-CUN,25781,25
TIBACUY,CO-CUN,25805,25
TIBIRITA,CO-CUN,25807,25
TOPAIPI,CO-CUN,25823,25
VILLA DE SAN DIEGO DE UBATE,CO-CUN,25843,25
VILLAGOMEZ,CO-CUN,25871,25
ZIPACON,CO-CUN,25898,25
BARRANCO MINA,CO-GUA,94343,94
CACAHUAL,CO-GUA,94886,94
INÍRIDA,CO-GUA,94001,94
LA GUADALUPE,CO-GUA,94885,94
MAPIRIPAN,CO-GUA,94663,94
MORICHAL,CO-GUA,94888,94
PANA PANA,CO-GUA,94887,94
PUERTO COLOMBIA,CO-GUA,94884,94
SAN FELIPE,CO-GUA,94883,94
CALAMAR,CO-GUV,95015,95
EL RETORNO,CO-GUV,95025,95
MIRAFLORES,CO-GUV,95200,95
SAN JOSÉ DEL GUAVIARE,CO-GUV,95001,95
ALTAMIRA,CO-HUL,41026,41
PALESTINA,CO-HUL,41530,41
COLOMBIA,CO-HUL,41206,41
NATAGA,CO-HUL,41483,41
VILLAVIEJA,CO-HUL,41872,41
ACEVEDO,CO-HUL,41006,41
AGRADO,CO-HUL,41013,41
AIPE,CO-HUL,41016,41
ALGECIRAS,CO-HUL,41020,41
BARAYA,CO-HUL,41078,41
CAMPOALEGRE,CO-HUL,41132,41
ELIAS,CO-HUL,41244,41
GARZON,CO-HUL,41298,41
GIGANTE,CO-HUL,41306,41
GUADALUPE,CO-HUL,41319,41
HOBO,CO-HUL,41349,41
IQUIRA,CO-HUL,41357,41
LA ARGENTINA,CO-HUL,41378,41
LA PLATA,CO-HUL,41396,41
NEIVA,CO-HUL,41001,41
OPORAPA,CO-HUL,41503,41
PAICOL,CO-HUL,41518,41
PALERMO,CO-HUL,41524,41
PITAL,CO-HUL,41548,41
PITALITO,CO-HUL,41551,41
RIVERA,CO-HUL,41615,41
SALADOBLANCO,CO-HUL,41660,41
SAN AGUSTIN,CO-HUL,41668,41
SANTA MARIA,CO-HUL,41676,41
SUAZA,CO-HUL,41770,41
TELLO,CO-HUL,41799,41
TERUEL,CO-HUL,41801,41
TESALIA,CO-HUL,41797,41
TIMANÁ,CO-HUL,41807,41
YAGUARA,CO-HUL,41885,41
TARQUI,CO-HUL,41791,41
ISNOS,CO-HUL,41359,41
VILLANUEVA,CO-LAG,44874,44
ALBANIA,CO-LAG,44035,44
DIBULLA,CO-LAG,44090,44
BARRANCAS,CO-LAG,44078,44
DISTRACCION,CO-LAG,44098,44
EL MOLINO,CO-LAG,44110,44
FONSECA,CO-LAG,44279,44
HATONUEVO,CO-LAG,44378,44
MAICAO,CO-LAG,44430,44
MANAURE,CO-LAG,44560,44
RIOHACHA,CO-LAG,44001,44
SAN JUAN DEL CESAR,CO-LAG,44650,44
URIBIA,CO-LAG,44847,44
URUMITA,CO-LAG,44855,44
LA JAGUA DEL PILAR,CO-LAG,44420,44
CONCORDIA,CO-MAG,47205,47
SALAMINA,CO-MAG,47675,47
SANTA MARTA,CO-MAG,47001,47
NUEVA GRANADA,CO-MAG,47460,47
SAN SEBASTIAN DE BUENAVISTA,CO-MAG,47692,47
SITIONUEVO,CO-MAG,47745,47
ZONA BANANERA,CO-MAG,47980,47
ALGARROBO,CO-MAG,47030,47
ARACATACA,CO-MAG,47053,47
CHIVOLO,CO-MAG,47170,47
CIENAGA,CO-MAG,47189,47
EL BANCO,CO-MAG,47245,47
EL RETEN,CO-MAG,47268,47
FUNDACION,CO-MAG,47288,47
GUAMAL,CO-MAG,47318,47
PIVIJAY,CO-MAG,47551,47
PLATO,CO-MAG,47555,47
REMOLINO,CO-MAG,47605,47
SANTA ANA,CO-MAG,47707,47
TENERIFE,CO-MAG,47798,47
ARIGUANI,CO-MAG,47058,47
CERRO DE SAN ANTONIO,CO-MAG,47161,47
EL PINON,CO-MAG,47258,47
PEDRAZA,CO-MAG,47541,47
PIJINO DEL CARMEN,CO-MAG,47545,47
PUEBLOVIEJO,CO-MAG,47570,47
SABANAS DE SAN ANGEL,CO-MAG,47660,47
SAN ZENON,CO-MAG,47703,47
SANTA BARBARA DE PINTO,CO-MAG,47720,47
ZAPAYAN,CO-MAG,47960,47
GRANADA,CO-MET,50313,50
PUERTO RICO,CO-MET,50590,50
SAN MARTIN,CO-MET,50689,50
GUAMAL,CO-MET,50318,50
ACACIAS,CO-MET,50006,50
BARRANCA DE UPIA,CO-MET,50110,50
CABUYARO,CO-MET,50124,50
CASTILLA LA NUEVA,CO-MET,50150,50
CUMARAL,CO-MET,50226,50
EL CASTILLO,CO-MET,50251,50
FUENTE DE ORO,CO-MET,50287,50
LEJANIAS,CO-MET,50400,50
MESETAS,CO-MET,50330,50
PUERTO CONCORDIA,CO-MET,50450,50
PUERTO GAITAN,CO-MET,50568,50
PUERTO LLERAS,CO-MET,50577,50
PUERTO LOPEZ,CO-MET,50573,50
RESTREPO,CO-MET,50606,50
SAN JUAN DE ARAMA,CO-MET,50683,50
SAN LUIS DE CUBARRAL,CO-MET,50223,50
VILLAVICENCIO,CO-MET,50001,50
VISTAHERMOSA,CO-MET,50711,50
URIBE,CO-MET,50370,50
EL CALVARIO,CO-MET,50245,50
EL DORADO,CO-MET,50270,50
LA MACARENA,CO-MET,50350,50
MAPIRIPAN,CO-MET,50325,50
SAN CARLOS DE GUAROA,CO-MET,50680,50
SAN JUANITO,CO-MET,50686,50
LA UNION,CO-NAR,52399,52
SANTA BARBARA,CO-NAR,52696,52
BELEN,CO-NAR,52083,52
SAN LORENZO,CO-NAR,52687,52
EL TAMBO,CO-NAR,52260,52
RICAURTE,CO-NAR,52612,52
ALBAN,CO-NAR,52019,52
LA FLORIDA,CO-NAR,52381,52
MOSQUERA,CO-NAR,52473,52
SAN BERNARDO,CO-NAR,52685,52
LOS ANDES,CO-NAR,52418,52
ALDANA,CO-NAR,52022,52
CONTADERO,CO-NAR,52210,52
CUMBITARA,CO-NAR,52233,52
FUNES,CO-NAR,52287,52
ILES,CO-NAR,52352,52
IMUES,CO-NAR,52354,52
LA LLANADA,CO-NAR,52385,52
LINARES,CO-NAR,52411,52
OSPINA,CO-NAR,52506,52
PROVIDENCIA,CO-NAR,52565,52
SAN PEDRO DE CARTAGO,CO-NAR,52694,52
ANCUYA,CO-NAR,52036,52
BARBACOAS,CO-NAR,52079,52
BUESACO,CO-NAR,52110,52
CONSACA,CO-NAR,52207,52
CORDOBA,CO-NAR,52215,52
CUMBAL,CO-NAR,52227,52
EL CHARCO,CO-NAR,52250,52
EL ROSARIO,CO-NAR,52256,52
GUACHUCAL,CO-NAR,52317,52
GUAITARILLA,CO-NAR,52320,52
GUALMATAN,CO-NAR,52323,52
IPIALES,CO-NAR,52356,52
LA CRUZ,CO-NAR,52378,52
LEIVA,CO-NAR,52405,52
PASTO,CO-NAR,52001,52
POLICARPA,CO-NAR,52540,52
POTOSI,CO-NAR,52560,52
PUERRES,CO-NAR,52573,52
PUPIALES,CO-NAR,52585,52
SAMANIEGO,CO-NAR,52678,52
SAN PABLO,CO-NAR,52693,52
SANDONA,CO-NAR,52683,52
SAPUYES,CO-NAR,52720,52
TAMINANGO,CO-NAR,52786,52
TANGUA,CO-NAR,52788,52
TUQUERRES,CO-NAR,52838,52
YACUANQUER,CO-NAR,52885,52
COLON,CO-NAR,52203,52
ARBOLEDA,CO-NAR,52051,52
CHACHAGUI,CO-NAR,52240,52
CUASPUD,CO-NAR,52224,52
EL PENOL,CO-NAR,52254,52
EL TABLON DE GOMEZ,CO-NAR,52258,52
FRANCISCO PIZARRO,CO-NAR,52520,52
LA TOLA,CO-NAR,52390,52
MAGUI,CO-NAR,52427,52
MALLAMA,CO-NAR,52435,52
NARINO,CO-NAR,52480,52
OLAYA HERRERA,CO-NAR,52490,52
ROBERTO PAYAN,CO-NAR,52621,52
SAN ANDRES DE TUMACO,CO-NAR,52835,52
SANTACRUZ,CO-NAR,52699,52
SANTIAGO,CO-NSA,54680,54
TOLEDO,CO-NSA,54820,54
SAN CAYETANO,CO-NSA,54673,54
BUCARASICA,CO-NSA,54109,54
CACOTA,CO-NSA,54125,54
LA PLAYA,CO-NSA,54398,54
MUTISCUA,CO-NSA,54480,54
PAMPLONITA,CO-NSA,54520,54
SAN CALIXTO,CO-NSA,54670,54
ABREGO,CO-NSA,54003,54
ARBOLEDAS,CO-NSA,54051,54
BOCHALEMA,CO-NSA,54099,54
CACHIRA,CO-NSA,54128,54
CHINACOTA,CO-NSA,54172,54
CHITAGA,CO-NSA,54174,54
CONVENCION,CO-NSA,54206,54
CUCUTA,CO-NSA,54001,54
CUCUTILLA,CO-NSA,54223,54
DURANIA,CO-NSA,54239,54
EL CARMEN,CO-NSA,54245,54
EL ZULIA,CO-NSA,54261,54
GRAMALOTE,CO-NSA,54313,54
HERRAN,CO-NSA,54347,54
LA ESPERANZA,CO-NSA,54385,54
LOS PATIOS,CO-NSA,54405,54
LOURDES,CO-NSA,54418,54
PAMPLONA,CO-NSA,54518,54
PUERTO SANTANDER,CO-NSA,54553,54
RAGONVALIA,CO-NSA,54599,54
SALAZAR,CO-NSA,54660,54
SARDINATA,CO-NSA,54720,54
SILOS,CO-NSA,54743,54
TEORAMA,CO-NSA,54800,54
TIBU,CO-NSA,54810,54
VILLA CARO,CO-NSA,54871,54
VILLA DEL ROSARIO,CO-NSA,54874,54
EL TARRA,CO-NSA,54250,54
HACARI,CO-NSA,54344,54
LABATECA,CO-NSA,54377,54
OCANA,CO-NSA,54498,54
SANTIAGO,CO-PUT,86760,86
SAN FRANCISCO,CO-PUT,86755,86
SAN MIGUEL,CO-PUT,86757,86
VALLE DEL GUAMUEZ,CO-PUT,86865,86
COLON,CO-PUT,86219,86
MOCOA,CO-PUT,86001,86
ORITO,CO-PUT,86320,86
PUERTO ASIS,CO-PUT,86568,86
PUERTO CAICEDO,CO-PUT,86569,86
PUERTO GUZMAN,CO-PUT,86571,86
SIBUNDOY,CO-PUT,86749,86
VILLAGARZON,CO-PUT,86885,86
PUERTO LEGUIZAMO,CO-PUT,86573,86
ARMENIA,CO-QUI,63001,63
BUENAVISTA,CO-QUI,63111,63
CORDOBA,CO-QUI,63212,63
CALARCA,CO-QUI,63130,63
CIRCASIA,CO-QUI,63190,63
FILANDIA,CO-QUI,63272,63
GENOVA,CO-QUI,63302,63
LA TEBAIDA,CO-QUI,63401,63
MONTENEGRO,CO-QUI,63470,63
PIJAO,CO-QUI,63548,63
QUIMBAYA,CO-QUI,63594,63
SALENTO,CO-QUI,63690,63
BALBOA,CO-RIS,66075,66
APIA,CO-RIS,66045,66
BELEN DE UMBRIA,CO-RIS,66088,66
DOS QUEBRADAS,CO-RIS,66170,66
GUATICA,CO-RIS,66318,66
LA CELIA,CO-RIS,66383,66
LA VIRGINIA,CO-RIS,66400,66
MARSELLA,CO-RIS,66440,66
MISTRATO,CO-RIS,66456,66
PEREIRA,CO-RIS,66001,66
QUINCHIA,CO-RIS,66594,66
SANTA ROSA DE CABAL,CO-RIS,66682,66
SANTUARIO,CO-RIS,66687,66
PUEBLO RICO,CO-RIS,66572,66
PROVIDENCIA Y SANTA CATALINA,CO-SAP,88564,88
SAN ANDReS,CO-SAP,88001,88
BARBOSA,CO-SAN,68077,68
CONCEPCION,CO-SAN,68207,68
RIONEGRO,CO-SAN,68615,68
SANTA BARBARA,CO-SAN,68705,68
VILLANUEVA,CO-SAN,68872,68
ALBANIA,CO-SAN,68020,68
BOLIVAR,CO-SAN,68101,68
CHIMA,CO-SAN,68176,68
CABRERA,CO-SAN,68121,68
GUADALUPE,CO-SAN,68320,68
SAN MIGUEL,CO-SAN,68686,68
EL CARMEN DE CHUCURI,CO-SAN,68235,68
ENCISO,CO-SAN,68266,68
GALAN,CO-SAN,68296,68
MOLAGAVITA,CO-SAN,68468,68
PARAMO,CO-SAN,68533,68
ARATOCA,CO-SAN,68051,68
BARICHARA,CO-SAN,68079,68
BARRANCABERMEJA,CO-SAN,68081,68
BUCARAMANGA,CO-SAN,68001,68
CALIFORNIA,CO-SAN,68132,68
CAPITANEJO,CO-SAN,68147,68
CEPITA,CO-SAN,68160,68
CERRITO,CO-SAN,68162,68
CHARALA,CO-SAN,68167,68
CHARTA,CO-SAN,68169,68
CIMITARRA,CO-SAN,68190,68
CONTRATACION,CO-SAN,68211,68
CURITI,CO-SAN,68229,68
EL PLAYON,CO-SAN,68255,68
FLORIAN,CO-SAN,68271,68
FLORIDABLANCA,CO-SAN,68276,68
GIRON,CO-SAN,68307,68
GUACA,CO-SAN,68318,68
GUAVATA,CO-SAN,68324,68
JESUS MARIA,CO-SAN,68368,68
LA BELLEZA,CO-SAN,68377,68
LA PAZ,CO-SAN,68397,68
LANDAZURI,CO-SAN,68385,68
LEBRIJA,CO-SAN,68406,68
LOS SANTOS,CO-SAN,68418,68
MALAGA,CO-SAN,68432,68
MATANZA,CO-SAN,68444,68
MOGOTES,CO-SAN,68464,68
OIBA,CO-SAN,68500,68
ONZAGA,CO-SAN,68502,68
PIEDECUESTA,CO-SAN,68547,68
PINCHOTE,CO-SAN,68549,68
PUENTE NACIONAL,CO-SAN,68572,68
PUERTO WILCHES,CO-SAN,68575,68
SABANA DE TORRES,CO-SAN,68655,68
SAN ANDRES,CO-SAN,68669,68
SAN GIL,CO-SAN,68679,68
SAN VICENTE DE CHUCURI,CO-SAN,68689,68
SIMACOTA,CO-SAN,68745,68
SOCORRO,CO-SAN,68755,68
SUAITA,CO-SAN,68770,68
SURATA,CO-SAN,68780,68
VALLE DE SAN JOSE,CO-SAN,68855,68
VELEZ,CO-SAN,68861,68
VETAS,CO-SAN,68867,68
ZAPATOCA,CO-SAN,68895,68
BETULIA,CO-SAN,68092,68
SUCRE,CO-SAN,68773,68
AGUADA,CO-SAN,68013,68
CARCASI,CO-SAN,68152,68
CHIPATA,CO-SAN,68179,68
CONFINES,CO-SAN,68209,68
COROMORO,CO-SAN,68217,68
EL GUACAMAYO,CO-SAN,68245,68
EL PENON,CO-SAN,68250,68
ENCINO,CO-SAN,68264,68
GAMBITA,CO-SAN,68298,68
GUAPOTA,CO-SAN,68322,68
GUEPSA,CO-SAN,68327,68
HATO,CO-SAN,68344,68
JORDAN,CO-SAN,68370,68
MACARAVITA,CO-SAN,68425,68
OCAMONTE,CO-SAN,68498,68
PALMAR,CO-SAN,68522,68
PALMAS DEL SOCORRO,CO-SAN,68524,68
PUERTO PARRA,CO-SAN,68573,68
SAN BENITO,CO-SAN,68673,68
SAN JOAQUIN,CO-SAN,68682,68
SAN JOSE DE MIRANDA,CO-SAN,68684,68
SANTA HELENA DEL OPON,CO-SAN,68720,68
TONA,CO-SAN,68820,68
LA UNION,CO-SUC,70400,70
BUENAVISTA,CO-SUC,70110,70
SAN PEDRO,CO-SUC,70717,70
COROZAL,CO-SUC,70215,70
GALERAS,CO-SUC,70235,70
GUARANDA,CO-SUC,70265,70
LOS PALMITOS,CO-SUC,70418,70
MAJAGUAL,CO-SUC,70429,70
OVEJAS,CO-SUC,70508,70
PALMITO,CO-SUC,70523,70
SAMPUES,CO-SUC,70670,70
SAN MARCOS,CO-SUC,70708,70
SAN ONOFRE,CO-SUC,70713,70
SINCELEJO,CO-SUC,70001,70
SUCRE,CO-SUC,70771,70
TOLU VIEJO,CO-SUC,70823,70
CAIMITO,CO-SUC,70124,70
CHALAN,CO-SUC,70230,70
COLOSO,CO-SUC,70204,70
COVENAS,CO-SUC,70221,70
EL ROBLE,CO-SUC,70233,70
MORROA,CO-SUC,70473,70
SAN BENITO ABAD,CO-SUC,70678,70
SAN JUAN DE BETULIA,CO-SUC,70702,70
SAN LUIS DE SINCE,CO-SUC,70742,70
SANTIAGO DE TOLU,CO-SUC,70820,70
SAN LUIS,CO-TOL,73678,73
SANTA ISABEL,CO-TOL,73686,73
SUAREZ,CO-TOL,73770,73
ALPUJARRA,CO-TOL,73024,73
ALVARADO,CO-TOL,73026,73
AMBALEMA,CO-TOL,73030,73
ANZOATEGUI,CO-TOL,73043,73
ARMERO GUAYABAL,CO-TOL,73055,73
ATACO,CO-TOL,73067,73
CAJAMARCA,CO-TOL,73124,73
CARMEN DE APICALA,CO-TOL,73148,73
CASABIANCA,CO-TOL,73152,73
CHAPARRAL,CO-TOL,73168,73
COYAIMA,CO-TOL,73217,73
CUNDAY,CO-TOL,73226,73
DOLORES,CO-TOL,73236,73
ESPINAL,CO-TOL,73268,73
FALAN,CO-TOL,73270,73
FLANDES,CO-TOL,73275,73
FRESNO,CO-TOL,73283,73
GUAMO,CO-TOL,73319,73
HERVEO,CO-TOL,73347,73
HONDA,CO-TOL,73349,73
IBAGUE,CO-TOL,73001,73
ICONONZO,CO-TOL,73352,73
LERIDA,CO-TOL,73408,73
LIBANO,CO-TOL,73411,73
MELGAR,CO-TOL,73449,73
MURILLO,CO-TOL,73461,73
NATAGAIMA,CO-TOL,73483,73
ORTEGA,CO-TOL,73504,73
PALOCABILDO,CO-TOL,73520,73
PIEDRAS,CO-TOL,73547,73
PLANADAS,CO-TOL,73555,73
PRADO,CO-TOL,73563,73
PURIFICACION,CO-TOL,73585,73
RIOBLANCO,CO-TOL,73616,73
RONCESVALLES,CO-TOL,73622,73
ROVIRA,CO-TOL,73624,73
SAN ANTONIO,CO-TOL,73675,73
VALLE DE SAN JUAN,CO-TOL,73854,73
VENADILLO,CO-TOL,73861,73
VILLAHERMOSA,CO-TOL,73870,73
VILLARRICA,CO-TOL,73873,73
COELLO,CO-TOL,73200,73
SALDANA,CO-TOL,73671,73
SAN SEBASTIAN DE MARIQUITA,CO-TOL,73443,73
ARGELIA,CO-VAC,76054,76
LA UNION,CO-VAC,76400,76
VERSALLES,CO-VAC,76863,76
CANDELARIA,CO-VAC,76130,76
BOLIVAR,CO-VAC,76100,76
RIOFRIO,CO-VAC,76616,76
SEVILLA,CO-VAC,76736,76
RESTREPO,CO-VAC,76606,76
SAN PEDRO,CO-VAC,76670,76
ALCALA,CO-VAC,76020,76
ANDALUCIA,CO-VAC,76036,76
ANSERMANUEVO,CO-VAC,76041,76
BUENAVENTURA,CO-VAC,76109,76
BUGALAGRANDE,CO-VAC,76113,76
CAICEDONIA,CO-VAC,76122,76
CALI,CO-VAC,76001,76
CARTAGO,CO-VAC,76147,76
DAGUA,CO-VAC,76233,76
EL AGUILA,CO-VAC,76243,76
EL CAIRO,CO-VAC,76246,76
EL CERRITO,CO-VAC,76248,76
EL DOVIO,CO-VAC,76250,76
FLORIDA,CO-VAC,76275,76
GINEBRA,CO-VAC,76306,76
GUACARI,CO-VAC,76318,76
JAMUNDI,CO-VAC,76364,76
LA CUMBRE,CO-VAC,76377,76
LA VICTORIA,CO-VAC,76403,76
OBANDO,CO-VAC,76497,76
PALMIRA,CO-VAC,76520,76
PRADERA,CO-VAC,76563,76
ROLDANILLO,CO-VAC,76622,76
TORO,CO-VAC,76823,76
TRUJILLO,CO-VAC,76828,76
TULUA,CO-VAC,76834,76
ULLOA,CO-VAC,76845,76
VIJES,CO-VAC,76869,76
YOTOCO,CO-VAC,76890,76
YUMBO,CO-VAC,76892,76
ZARZAL,CO-VAC,76895,76
CALIMA,CO-VAC,76126,76
GUADALAJARA DE BUGA,CO-VAC,76111,76
CARURU,CO-VAU,97161,97
MITÚ,CO-VAU,97001,97
PACOA,CO-VAU,97511,97
PAPUNAHUA,CO-VAU,97777,97
TARAIRA,CO-VAU,97666,97
YAVARATÉ,CO-VAU,97889,97
CUMARIBO,CO-VID,99773,99
LA PRIMAVERA,CO-VID,99524,99
PUERTO CARREÑO,CO-VID,99001,99
SANTA ROSALÍA,CO-VID,99624,99
